[
    {
        "0": "buildingStartDate",
        "1": "countySeat",
        "2": "category",
        "3": "representative",
        "4": "genre",
        "5": "mediaType",
        "6": "broadcastedBy",
        "7": "chairman",
        "8": "architect",
        "9": "jurisdiction",
        "10": "firstPublicationYear",
        "11": "has to its northeast",
        "12": "leader",
        "13": "precededBy",
        "14": "academicStaffSize",
        "15": "fullName",
        "16": "aircraftHelicopter",
        "17": "senators",
        "18": "areaCode",
        "19": "season",
        "20": "course",
        "21": "municipality",
        "22": "creatorOfDish",
        "23": "state",
        "24": "religion",
        "25": "2nd_runway_SurfaceType",
        "26": "attackAircraft",
        "27": "fullname",
        "28": "has to its northwest",
        "29": "ethnicGroup",
        "30": "operatingOrganisation",
        "31": "leaderName",
        "32": "motto",
        "33": "influencedBy",
        "34": "affiliations",
        "35": "transportAircraft",
        "36": "starring",
        "37": "chancellor",
        "38": "higher",
        "39": "mainIngredients",
        "40": "city",
        "41": "genus",
        "42": "director",
        "43": "established",
        "44": "founder",
        "45": "leaderTitle",
        "46": "administrativeCounty",
        "47": "numberOfStudents",
        "48": "headquarter",
        "49": "president",
        "50": "currentTenants",
        "51": "5th_runway_Number",
        "52": "publisher",
        "53": "manager",
        "54": "youthclub",
        "55": "operator",
        "56": "product",
        "57": "occupation",
        "58": "order",
        "59": "sportsOffered",
        "60": "residence",
        "61": "leaderParty",
        "62": "ground",
        "63": "chairmanTitle",
        "64": "award",
        "65": "developer",
        "66": "placeOfDeath",
        "67": "deathPlace",
        "68": "3rd_runway_LengthFeet",
        "69": "isPartOf",
        "70": "followedBy",
        "71": "campus",
        "72": "ingredient",
        "73": "chief",
        "74": "postalCode",
        "75": "legislature",
        "76": "regionServed",
        "77": "ReferenceNumber in the National Register of Historic Places",
        "78": "significantBuilding",
        "79": "bird",
        "80": "runwayName",
        "81": "officialSchoolColour",
        "82": "gemstone",
        "83": "child",
        "84": "floorCount",
        "85": "birthPlace",
        "86": "numberOfRooms",
        "87": "elevationAboveTheSeaLevel_(in_metres)",
        "88": "doctoralAdvisor",
        "89": "architecture",
        "90": "chairperson",
        "91": "was given the 'Technical Campus' status by",
        "92": "birthName",
        "93": "spokenIn",
        "94": "language",
        "95": "IATA_Location_Identifier",
        "96": "year",
        "97": "areaTotal",
        "98": "has to its southwest",
        "99": "served as Chief of the Astronaut Office in",
        "100": "foundationPlace",
        "101": "1st_runway_LengthMetre",
        "102": "owner",
        "103": "firstAppearanceInFilm",
        "104": "ISBN_number",
        "105": "aircraftFighter",
        "106": "bedCount",
        "107": "club",
        "108": "affiliation",
        "109": "voice",
        "110": "dedicatedTo",
        "111": "parentCompany",
        "112": "numberOfPages",
        "113": "was selected by NASA",
        "114": "notableWork",
        "115": "ICAO_Location_Identifier",
        "116": "administrativeArrondissement",
        "117": "cityServed",
        "118": "title",
        "119": "nickname",
        "120": "headquarters",
        "121": "elevationAboveTheSeaLevel_(in_feet)",
        "122": "neighboringMunicipality",
        "123": "1st_runway_SurfaceType",
        "124": "numberOfPostgraduateStudents",
        "125": "floorArea",
        "126": "nearestCity",
        "127": "author",
        "128": "crewMembers",
        "129": "demonym",
        "130": "ethnicGroups",
        "131": "LibraryofCongressClassification",
        "132": "numberOfMembers",
        "133": "LCCN_number",
        "134": "dishVariation",
        "135": "numberOfUndergraduateStudents",
        "136": "fat",
        "137": "1st_runway_Number",
        "138": "ISSN_number",
        "139": "class",
        "140": "academicDiscipline",
        "141": "creator",
        "142": "patronSaint",
        "143": "governmentType",
        "144": "completionDate",
        "145": "added to the National Register of Historic Places",
        "146": "has to its west",
        "147": "alternativeName",
        "148": "capital",
        "149": "CODEN_code",
        "150": "series",
        "151": "hometown",
        "152": "backup pilot",
        "153": "designer",
        "154": "material",
        "155": "OCLC_number",
        "156": "rector",
        "157": "dean",
        "158": "largestCity",
        "159": "4th_runway_LengthFeet",
        "160": "district",
        "161": "latinName",
        "162": "hubAirport",
        "163": "region",
        "164": "nativeName",
        "165": "anthem",
        "166": "areaOfWater",
        "167": "fossil",
        "168": "distributor",
        "169": "location",
        "170": "foundedBy",
        "171": "governingBody",
        "172": "significantProject",
        "173": "areaOfLand",
        "174": "editor",
        "175": "placeOfBirth",
        "176": "nationality",
        "177": "address",
        "178": "champions",
        "179": "river",
        "180": "tenant",
        "181": "commander",
        "182": "mayor",
        "183": "almaMater",
        "184": "outlookRanking",
        "185": "EISSN_number",
        "186": "has to its southeast",
        "187": "languages",
        "188": "owningOrganisation",
        "189": "currency",
        "190": "locationCity",
        "191": "country",
        "192": "awards",
        "193": "has to its north",
        "194": "populationTotal",
        "195": "elevationAboveTheSeaLevel",
        "196": "sportsGoverningBody",
        "197": "abbreviation",
        "198": "family",
        "199": "architecturalStyle",
        "200": "3rd_runway_SurfaceType",
        "201": "servingTemperature",
        "202": "inaugurationDate",
        "203": "height",
        "204": "yearOfConstruction",
        "205": "protein",
        "206": "part",
        "207": "league",
        "208": "was a crew member of",
        "209": "runwayLength",
        "210": "compete in",
        "211": "keyPerson",
        "212": "battles",
        "213": "officialLanguage",
        "214": "1st_runway_LengthFeet",
        "215": "populationDensity"
    },
    {
        "buildingStartDate": 0,
        "countySeat": 1,
        "category": 2,
        "representative": 3,
        "genre": 4,
        "mediaType": 5,
        "broadcastedBy": 6,
        "chairman": 7,
        "architect": 8,
        "jurisdiction": 9,
        "firstPublicationYear": 10,
        "has to its northeast": 11,
        "leader": 12,
        "precededBy": 13,
        "academicStaffSize": 14,
        "fullName": 15,
        "aircraftHelicopter": 16,
        "senators": 17,
        "areaCode": 18,
        "season": 19,
        "course": 20,
        "municipality": 21,
        "creatorOfDish": 22,
        "state": 23,
        "religion": 24,
        "2nd_runway_SurfaceType": 25,
        "attackAircraft": 26,
        "fullname": 27,
        "has to its northwest": 28,
        "ethnicGroup": 29,
        "operatingOrganisation": 30,
        "leaderName": 31,
        "motto": 32,
        "influencedBy": 33,
        "affiliations": 34,
        "transportAircraft": 35,
        "starring": 36,
        "chancellor": 37,
        "higher": 38,
        "mainIngredients": 39,
        "city": 40,
        "genus": 41,
        "director": 42,
        "established": 43,
        "founder": 44,
        "leaderTitle": 45,
        "administrativeCounty": 46,
        "numberOfStudents": 47,
        "headquarter": 48,
        "president": 49,
        "currentTenants": 50,
        "5th_runway_Number": 51,
        "publisher": 52,
        "manager": 53,
        "youthclub": 54,
        "operator": 55,
        "product": 56,
        "occupation": 57,
        "order": 58,
        "sportsOffered": 59,
        "residence": 60,
        "leaderParty": 61,
        "ground": 62,
        "chairmanTitle": 63,
        "award": 64,
        "developer": 65,
        "placeOfDeath": 66,
        "deathPlace": 67,
        "3rd_runway_LengthFeet": 68,
        "isPartOf": 69,
        "followedBy": 70,
        "campus": 71,
        "ingredient": 72,
        "chief": 73,
        "postalCode": 74,
        "legislature": 75,
        "regionServed": 76,
        "ReferenceNumber in the National Register of Historic Places": 77,
        "significantBuilding": 78,
        "bird": 79,
        "runwayName": 80,
        "officialSchoolColour": 81,
        "gemstone": 82,
        "child": 83,
        "floorCount": 84,
        "birthPlace": 85,
        "numberOfRooms": 86,
        "elevationAboveTheSeaLevel_(in_metres)": 87,
        "doctoralAdvisor": 88,
        "architecture": 89,
        "chairperson": 90,
        "was given the 'Technical Campus' status by": 91,
        "birthName": 92,
        "spokenIn": 93,
        "language": 94,
        "IATA_Location_Identifier": 95,
        "year": 96,
        "areaTotal": 97,
        "has to its southwest": 98,
        "served as Chief of the Astronaut Office in": 99,
        "foundationPlace": 100,
        "1st_runway_LengthMetre": 101,
        "owner": 102,
        "firstAppearanceInFilm": 103,
        "ISBN_number": 104,
        "aircraftFighter": 105,
        "bedCount": 106,
        "club": 107,
        "affiliation": 108,
        "voice": 109,
        "dedicatedTo": 110,
        "parentCompany": 111,
        "numberOfPages": 112,
        "was selected by NASA": 113,
        "notableWork": 114,
        "ICAO_Location_Identifier": 115,
        "administrativeArrondissement": 116,
        "cityServed": 117,
        "title": 118,
        "nickname": 119,
        "headquarters": 120,
        "elevationAboveTheSeaLevel_(in_feet)": 121,
        "neighboringMunicipality": 122,
        "1st_runway_SurfaceType": 123,
        "numberOfPostgraduateStudents": 124,
        "floorArea": 125,
        "nearestCity": 126,
        "author": 127,
        "crewMembers": 128,
        "demonym": 129,
        "ethnicGroups": 130,
        "LibraryofCongressClassification": 131,
        "numberOfMembers": 132,
        "LCCN_number": 133,
        "dishVariation": 134,
        "numberOfUndergraduateStudents": 135,
        "fat": 136,
        "1st_runway_Number": 137,
        "ISSN_number": 138,
        "class": 139,
        "academicDiscipline": 140,
        "creator": 141,
        "patronSaint": 142,
        "governmentType": 143,
        "completionDate": 144,
        "added to the National Register of Historic Places": 145,
        "has to its west": 146,
        "alternativeName": 147,
        "capital": 148,
        "CODEN_code": 149,
        "series": 150,
        "hometown": 151,
        "backup pilot": 152,
        "designer": 153,
        "material": 154,
        "OCLC_number": 155,
        "rector": 156,
        "dean": 157,
        "largestCity": 158,
        "4th_runway_LengthFeet": 159,
        "district": 160,
        "latinName": 161,
        "hubAirport": 162,
        "region": 163,
        "nativeName": 164,
        "anthem": 165,
        "areaOfWater": 166,
        "fossil": 167,
        "distributor": 168,
        "location": 169,
        "foundedBy": 170,
        "governingBody": 171,
        "significantProject": 172,
        "areaOfLand": 173,
        "editor": 174,
        "placeOfBirth": 175,
        "nationality": 176,
        "address": 177,
        "champions": 178,
        "river": 179,
        "tenant": 180,
        "commander": 181,
        "mayor": 182,
        "almaMater": 183,
        "outlookRanking": 184,
        "EISSN_number": 185,
        "has to its southeast": 186,
        "languages": 187,
        "owningOrganisation": 188,
        "currency": 189,
        "locationCity": 190,
        "country": 191,
        "awards": 192,
        "has to its north": 193,
        "populationTotal": 194,
        "elevationAboveTheSeaLevel": 195,
        "sportsGoverningBody": 196,
        "abbreviation": 197,
        "family": 198,
        "architecturalStyle": 199,
        "3rd_runway_SurfaceType": 200,
        "servingTemperature": 201,
        "inaugurationDate": 202,
        "height": 203,
        "yearOfConstruction": 204,
        "protein": 205,
        "part": 206,
        "league": 207,
        "was a crew member of": 208,
        "runwayLength": 209,
        "compete in": 210,
        "keyPerson": 211,
        "battles": 212,
        "officialLanguage": 213,
        "1st_runway_LengthFeet": 214,
        "populationDensity": 215
    }
]